{
  "psnr": {
    "mean": 12.389802932739258,
    "std": 1.2041810750961304,
    "min": 9.761086463928223,
    "max": 14.062585830688477
  },
  "ssim": {
    "mean": 0.03650026952206959,
    "std": 0.006263690996654674,
    "min": 0.02543493947193929,
    "max": 0.04458052233982298
  },
  "l1_error": {
    "mean": 0.17117176949977875,
    "std": 0.022255199030041695
  },
  "l2_error": {
    "mean": 0.06007421761751175,
    "std": 0.018351176753640175
  },
  "colorfulness": {
    "predicted_mean": 0.11624566465616226,
    "ground_truth_mean": 0.09953390061855316,
    "ratio": 1.1679002046585083
  },
  "num_samples": 10
}