{
  "train_g_loss": [
    41.04125690460205,
    26.039614295959474,
    21.174520683288574
  ],
  "train_d_loss": [
    0.6465378284454346,
    0.4466996192932129,
    0.33659743070602416
  ],
  "val_g_loss": [
    27.43422794342041,
    23.55431842803955,
    19.567992210388184
  ],
  "val_d_loss": [
    0.6593721807003021,
    0.7044252157211304,
    0.7409271597862244
  ],
  "train_l1_loss": [
    40.10960788726807,
    24.71891975402832,
    19.50149154663086
  ],
  "train_gan_loss": [
    0.9316493988037109,
    1.320694673061371,
    1.6730291366577148
  ],
  "lr_g": [
    0.0002,
    0.0002,
    0.0002
  ],
  "lr_d": [
    0.0002,
    0.0002,
    0.0002
  ]
}